,pearson_r
SMU1,0.8528099148090404
LRPPRC,0.823712181855922
POLRMT,0.8199130849567372
SMG5,0.8056321475410696
ZFC3H1,0.8009816056674989
MTPAP,0.797110086330141
CLOCK,0.7872158655628565
SNRPD1,0.7867630309017565
UPF1,0.7723227019825634
UPF2,0.7664805793162983
EIF3D,0.765705417244479
INTS2,0.7610367875898254
SUPT5H,0.7568073362337384
AQR,0.7563080415027518
RBM25,0.7497807343434988
RBM39,0.7470991208582187
BUD13,0.7459681231364956
DNAJC17,0.7420078065009117
SNRPE,0.7401527000661331
SLU7,0.7392737895937775
SUPT6H,0.7388778924274633
EIF2B4,0.7377551523626256
DDX41,0.7357238686690779
VARS,0.735612843532818
SF3B3,0.7350843037718384
PRPF31,0.7347505232412002
EIF3M,0.731762444051979
EXOSC9,0.7306654496536351
SNRNP200,0.7299411826822249
CSE1L,0.7285076096448774
CDC5L,0.7270140524767276
DARS,0.7241420921625286
ETF1,0.7202995590363289
EIF2B3,0.7202842938713082
ZC3H3,0.7201840416252012
HARS,0.7199225456653706
CWC15,0.7194184944572375
AARS,0.7164896076146727
HSPA9,0.7164413601607739
EIF3A,0.7135867191141039
PHB,0.7130403763873797
SNRPB,0.7075780690858391
RARS,0.7074043500188933
XRCC5,0.707208314252652
SUPT16H,0.7070558081050402
FUNDC2,0.7052899806363688
TIMM23B,0.7045076416271248
EIF2B2,0.7003380163460303
EIF3E,0.6991593065309517
PAM16,0.6988590069692999
EXOSC8,0.6962843352105894
TEFM,0.6950450730260176
RPSA,0.6949956733057157
SNRPD3,0.6944792659019781
TAF8,0.6936416430879018
RPS26,0.6913293642320114
EIF2S1,0.6895780340448943
KIAA0586,0.6866947289569922
NARS,0.6852564477097296
SF3B5,0.6852510709986521
NPLOC4,0.6848081615419822
GBF1,0.6824834855557658
RNF113A,0.6817000016201081
PRPF8,0.6809200847459123
DLD,0.6807247816570572
NUF2,0.680614468870957
FARSB,0.6801133986466442
SNRPG,0.6796444015524981
PRPF4,0.676413042409451
LSM2,0.6760967938478124
PRPF3,0.6733041381063384
PSMC1,0.6720597038787139
RTF1,0.6708468127121097
LSM6,0.6692083821582029
EIF3B,0.6684765349530034
PLRG1,0.6682121646476766
QARS,0.667841222747491
EIF3I,0.6678071520539098
LSM4,0.667786579387412
DHX15,0.6663419399330147
DHX16,0.6660299147825652
EIF2S3,0.6655883518170012
MFAP1,0.6639239858885168
RUVBL1,0.6629634985906214
SSBP1,0.6629334062151921
SMG7,0.6624128560009697
PSMC2,0.6605880478109916
SYMPK,0.6600325905521007
SF3B2,0.6594909298476865
SFPQ,0.6592108570625346
RPS6,0.6590881298159132
SNAPC2,0.6580448224967025
PABPN1,0.6567332983378125
SNRPC,0.6560789622758452
INTS8,0.6552927892817819
INTS9,0.6536837219114419
RPS9,0.6531437122559516
THG1L,0.6531045884254176
TAF1,0.6529529247109505
RPL24,0.6519067017584275
TIMM44,0.6504601744615867
EIF2S2,0.6498118048834614
TARS,0.6478448195012689
SPC25,0.6463847859034741
LSM5,0.6446738944069906
MRPS14,0.6444730641152501
GRPEL1,0.6417382587711009
HSPA5,0.641603424130976
HSPE1,0.6414354547967217
CASC3,0.6411213942608316
MARS,0.6407642043659604
PRPF19,0.6407099892130679
DIS3,0.6399870952247806
WDR25,0.6394534942617277
RPS24,0.6394367520137886
TAF12,0.6390170279008778
EFTUD2,0.6385617941291866
CCNQ,0.6380766450381077
TAF5,0.6376705359736534
NUDT21,0.6374787331829359
PHB2,0.6374124299780526
GINS1,0.6368608154941487
RPL5,0.6363841485239123
CNOT1,0.635171754288678
EIF3G,0.6345876796417514
PRELID3B,0.632828915769436
XRCC6,0.6328144197586876
EXOSC4,0.6326509483550762
MBNL1,0.632440712619623
RPS3A,0.6321507005309598
RPS13,0.6314141084966697
RPS11,0.6311616920108791
KARS,0.6310528490126843
RPL10,0.6300563306985142
RPS27A,0.63000511013036
SPC24,0.6288066712601474
EXOSC3,0.6280207791432753
ICE1,0.6259566805216514
TOMM22,0.6249533287666162
RPL15,0.6237660219635048
RPS7,0.6237111140734355
RPS3,0.6236342318552376
XPO1,0.6233491803103299
RNF20,0.6228728582506085
EIF3H,0.6227705609176587
MED27,0.6216030200575997
INTS4,0.6214521029988181
THOC2,0.6211814206468191
NKAP,0.6210724677395697
SART1,0.6207921834015739
PSMD14,0.6195343932369954
TTK,0.6180944764805746
EIF1AX,0.6179847088821929
SNIP1,0.6178397746479942
NSRP1,0.6177141490295863
KPNB1,0.6171891957741593
RPS23,0.6171257931205749
MED7,0.6169403526770146
IARS,0.6166488345805672
EXOSC5,0.6165151689302395
NUTF2,0.614642136375
NCBP2,0.6126368343458957
RPS5,0.6120688372528729
INTS5,0.6119652693440035
RPS15A,0.610369865485622
EIF2B5,0.6101382724642754
CAST,0.6099219681760639
PMPCA,0.6097483136374376
RPS12,0.6094244794111119
DDX23,0.6091133731613156
TAF10,0.6087553143079907
ABCE1,0.6086415324580234
MED19,0.6062815098011037
POLR2I,0.6051501862703306
RPS8,0.6040680917079067
EHMT2,0.6040493265053843
TICRR,0.6038019966315287
ATF5,0.6033020242685604
MED21,0.6021265407974179
RPL23,0.6012859872552883
RPL27A,0.5999854477986244
EXOSC6,0.5994175515418445
RPS18,0.5988675101409153
SF3B4,0.5979374823601071
RPS20,0.5974162361138826
EXOSC2,0.5970151003203699
BUD31,0.5960033372404198
PSMA3,0.5953447413274966
CARS,0.5952530300659715
RPS27,0.595172435346218
GEMIN5,0.593933608756058
RPL23A,0.593619785445797
SLBP,0.591851623079112
TERF2,0.5901391881088212
LARS,0.5887261603169607
CWF19L2,0.5881895033996957
RPL36,0.5866568942785156
PRIM1,0.5851888520806914
TFAM,0.5850009406163176
CPSF6,0.5841973202828229
WDR5,0.583685447577226
RPL17,0.5836773247674872
ABCB7,0.5835304845491469
MED30,0.5834631899741627
RPL37A,0.5834291934746967
RPLP0,0.5831438542572432
MAX,0.5826027762467585
EIF3J,0.582431400253463
PCNA,0.5816017498992132
RUVBL2,0.581166667994331
FBL,0.5809094485209455
PPWD1,0.5807901808873517
RPS2,0.5807460536418172
MMS22L,0.5800741835345578
GPN3,0.5798093808979441
RPL10A,0.5794673337499667
TAF2,0.5793421155850447
RPL18A,0.5785802338156785
PSMC5,0.5784613270433561
NFYB,0.5780665377514925
RPL27,0.5777764605353551
RPS14,0.5765454067673719
DNAJA3,0.5765386379469642
CNOT2,0.5763934410252675
HNRNPC,0.5749279314803748
UBL5,0.5749238744323943
MYC,0.5744100851728351
HBS1L,0.5743150234549155
CNOT3,0.5733103742857877
HDAC7,0.5714575478263388
LSM7,0.5712574466030887
GTF2A1,0.5709332269473755
RPS19,0.5692986922543843
CHMP3,0.5691769327345275
NUP62,0.5686866025034834
POLR2G,0.567618836193491
EXOSC7,0.567047396787099
TOMM40,0.5660130304060998
PRPF18,0.5656343295233038
TSEN2,0.5654559531522184
CDK1,0.5652670653659077
MCM2,0.5647791486150033
BCAS2,0.5637570652732582
RPL18,0.563213434558492
RACGAP1,0.5627197409963989
AC118549.1,0.5616963005329971
DSN1,0.5609338929213376
SEM1,0.5605418713047754
MAU2,0.5603894908413121
RPL14,0.5598526857321573
RBMX2,0.5595751133664911
DDX6,0.5581678005625739
SCAF1,0.5572690432744589
RPL35A,0.5568752022798316
TSR2,0.5564738619293474
IPO13,0.5564446840023562
THOC3,0.5557677478611422
RPL31,0.5549746407867251
WEE1,0.5546361855659181
HNRNPK,0.5539871230240655
RPL12,0.5538362856027279
PPIE,0.5536061540498687
GPN1,0.5532258293876674
SMC2,0.5520508370072696
GINS4,0.5510867109906652
NUP98,0.550434322678991
SMC1A,0.5491098350245154
CHCHD4,0.5490063885444643
MED17,0.5488225480275077
IARS2,0.548267041656052
CDC73,0.5468996689969451
NCBP1,0.5466363839375972
RPA2,0.5460914509591771
RPL6,0.5459341358082848
DGCR8,0.544291069456859
POLR2B,0.5433106142181369
PSMD13,0.5431608567176551
PPIL4,0.5425272716940392
PSMB3,0.5422020107082001
PMPCB,0.5413251683435047
CHAF1B,0.5408408054045899
SRBD1,0.5403950269187648
SEC13,0.5395508663501223
BDP1,0.5381830237805347
MCM10,0.5368030494278877
FAU,0.5368000713735595
SAMM50,0.536361493136825
MED10,0.534666521221177
SETD1A,0.5344804235492242
RFC3,0.5342463757693913
MED4,0.5335095275496999
DDX18,0.5330198563592008
SRP54,0.5320451184392849
POLE,0.5320113772049158
PNPT1,0.5292894067861483
GUCD1,0.5292518949497961
OGFOD1,0.5289248712670185
EIF1,0.5281875103501845
POLR2H,0.5272622415402022
NCAPH,0.5271813710013267
RPAP2,0.527170265064079
PSMA4,0.526954740187138
UBAP1,0.5269481400341416
LETM1,0.5268960174354861
TIMM10,0.5244652888455887
RPA3,0.5239739808237629
LONP1,0.5238644329567809
GARS,0.523343166768913
GNL2,0.5217023940335944
RPL7,0.5215058027322894
EP400,0.5211963877121373
STRAP,0.5210306298865865
INTS7,0.5208172461591415
DNTTIP2,0.52075571663376
MED6,0.5204950515332398
SMG8,0.5197266090111807
VPS28,0.5191627041370863
SMC3,0.5191249492607815
MED8,0.5190601088883636
RPL4,0.5187588767238478
EIF4G2,0.5178589872337325
CDT1,0.5175062934562265
RPL32,0.5174892865767203
MED11,0.5169137664725899
PRELID1,0.5153116530059164
RPL30,0.5147969517749373
TOP2A,0.5147887311118764
NRDE2,0.5146179409553662
SART3,0.5135793491429603
HARS2,0.5135452157405321
FAM32A,0.5130074036813793
LTV1,0.5129305743121958
GINS2,0.5128100148031575
RPS4X,0.5121480559550156
RPL38,0.5115619445410214
NUP205,0.5110302123478063
PDCD11,0.5108937678075618
ORC1,0.5093541239418731
FNTA,0.5092912822733695
DONSON,0.5086795937712533
CHERP,0.5071560741695219
RNMT,0.5068897103891824
TAF3,0.5067144149033994
SSRP1,0.5066403088778377
NAT10,0.5059286267435763
YTHDC1,0.5058275183998169
U2SURP,0.5049057822850572
PAF1,0.5023945303690864
RPS16,0.5023107917946492
EEF1G,0.5022548911079964
DYNC1I2,0.502204065090104
NDUFA3,0.501961138647539
MRPS27,0.501415432004568
PSMD2,0.4996251802301114
RRP7A,0.4990726450167728
EBNA1BP2,0.498730455606353
CDC123,0.4982857001874364
RPL19,0.4972026666409122
CDC6,0.49543368781145514
RPS10,0.4948659270550897
MRPL39,0.49454388952158956
CASP8AP2,0.494064808602128
GTF2H1,0.4932348366438391
LYRM4,0.49309192449186656
DROSHA,0.49242785572274494
AFG3L2,0.49158332174954844
EIF3L,0.49152331943396477
CMTR1,0.4913575770844497
DICER1,0.49059135669384746
SYF2,0.4902713328796172
EPRS,0.4900761771703522
DENR,0.4897322463850157
RFC4,0.48946900715893893
CPNE1,0.4888105752731955
PSMB6,0.48796580933924333
RPL9,0.487647307721932
PAXBP1,0.4872320779429826
UBA1,0.48682971191588964
RPL13,0.48673384330799435
PFDN2,0.4862095022280363
DDX24,0.48580556027292593
MRPL18,0.4852664200511396
MED20,0.48392989123872643
ATP5F1C,0.48392665260676876
OXA1L,0.48386946507011946
FARSA,0.48370798944258064
PI4KA,0.48294545809797784
ATP6V1B2,0.4826602211309138
NAA25,0.48241381518714144
RPA1,0.4801462140396174
INTS11,0.47972852094619
ZNF559,0.47972822055156966
TIMM9,0.47965715440529194
ZMAT2,0.47962594011830795
MED1,0.47921333417760104
COG3,0.4790386908414592
TTC27,0.4789380677938927
NLE1,0.4786039456555955
INTS3,0.47837384414637935
RPL35,0.47752333989402757
BMS1,0.4768943476012553
ELAC2,0.4755985484608777
RRP12,0.4754792328618723
WDR70,0.47541354823070553
NMD3,0.4748329464586495
PRPF40A,0.4748130301092346
RFC5,0.47449229792060593
RPL37,0.4744226079766444
MRPL19,0.4739611326772383
MRPL17,0.47351929264144255
TELO2,0.47342637612447336
MTBP,0.47339339641833866
NOP2,0.4733590477860137
DAD1,0.47269866384719994
MDN1,0.4726168206536875
YARS,0.47257536569328273
PHF5A,0.4725283453260719
TIMM22,0.47163111471187563
ELP3,0.4700153271220592
CDC27,0.469401824471935
TTC1,0.46872085939937147
DDX56,0.4678873818962539
POLA1,0.4671859131496248
MED14,0.46685624953959415
RAMAC,0.4664105879180168
NDUFV2,0.46538482729070463
PSMB2,0.46519710901884354
TMX2,0.46509013404511956
TRRAP,0.46409431040518145
HMGB3,0.4639401218340692
FTSJ3,0.4638378877031589
RACK1,0.4637726436892268
LSM3,0.46308602487926204
GTF2F2,0.4625289052424567
CXXC1,0.4623049128618093
RBX1,0.46222346667072645
RPL8,0.46213377470105155
PNN,0.4620655529255819
DBR1,0.46193024641483443
SNRNP27,0.4615003426154384
RRM2,0.46135155499296276
HSPD1,0.4612070369596498
THOC5,0.46056014175542004
PMF1,0.45973081077998634
PGAM5,0.45971139081815454
KANSL2,0.4596179651424852
GATA1,0.4579728622314412
PRIM2,0.4571622820838901
SUPV3L1,0.45710692018726523
RPAP1,0.4570309772395427
RFC2,0.45676290563468197
PRPF38A,0.45639424815562535
RBM42,0.45613400928466685
SMNDC1,0.45450496348978464
RANGAP1,0.45397672830266556
GINS3,0.4534293545262019
PNO1,0.45310198594605094
PYURF,0.4529513769402721
DIMT1,0.45291711040297444
MRPL35,0.45268493156139517
RRS1,0.4526495033820421
CHAF1A,0.45258293196710386
NOP16,0.45216011968381054
DDX20,0.4521477410472797
PGPEP1,0.45176962868643034
ELOB,0.45169888239475275
MRPL2,0.4512547905058749
FAM102B,0.4502293340330268
WDR43,0.45005129471252947
PPP1R15B,0.45001550690524383
EIF2B1,0.4499044733508836
SFSWAP,0.44950969295329424
CCT6A,0.44931080415429736
MLLT6,0.44839996766985085
ATP6V0C,0.4481978105726567
AP2A1,0.44717782156383884
TIMM13,0.4466880783629107
GTF2B,0.44646480147002565
NOC4L,0.4446330338458889
PABPC4,0.44388798031850496
XRN1,0.4437838612078505
VMP1,0.4435183985647803
CHMP6,0.4434551162557998
POLA2,0.44337605251891565
MED9,0.4433301789355505
GTF2E2,0.4432548677760366
GFM1,0.44293599181075505
ATP2A2,0.4412073418867542
MED29,0.44110307127322923
CCT2,0.44098069364786785
MPHOSPH10,0.4409635746834212
DCUN1D5,0.440676437665921
EMG1,0.44041058519517173
RPAP3,0.440342548509692
TSG101,0.43956668739767357
CENPK,0.4395206445449964
MCM4,0.4392895573788173
MRPL15,0.43904891372382715
NCAPG2,0.43894967571293864
SEH1L,0.438766249179689
UTP6,0.4387410723416275
FCF1,0.43859078181946015
ECD,0.4384452176735017
MAT2A,0.43793416347954406
MRPS28,0.43766157075690404
SDAD1,0.43728544292261273
MRPL22,0.4366472782624764
RCL1,0.4354651405935242
EIF4E,0.4344032593586211
ECT2,0.43312670025371547
SNAPC1,0.433123500266548
ATP5MD,0.4329456424234569
DMAP1,0.431513376830653
MRPS12,0.4310912369956307
NFYC,0.43041784237411984
SNRPF,0.43017073284221435
MBIP,0.43015909455878504
GTF2A2,0.42988384237478783
NF1,0.4297183260904383
CTDP1,0.42892882893522044
LSG1,0.42834529351811446
TNRC6A,0.4277374619496733
PSMB5,0.4274960894013984
THAP1,0.42743387889994067
CSDE1,0.42609916845595036
SRRM1,0.4250801136705496
MRPL10,0.4247380325650018
CHD4,0.42436711159867796
RBM12,0.42410295871092796
TP53RK,0.4239997323123834
WDR33,0.4238404880261438
YEATS2,0.42362171322111536
NIFK,0.42348826150981456
UBR4,0.42209911632150154
EIF5A,0.42181236604022465
MRPL36,0.4214772988959644
HGS,0.42143225088648684
SLC2A8,0.4212993112647855
CENPC,0.4203367631771481
SAP18,0.42022596920041805
GPN2,0.4202071755919953
MNAT1,0.4192191955655734
SEC61G,0.41886565441676427
MRPS30,0.41882420550332944
FAM136A,0.4182084045571589
MRPL44,0.4181678854156628
RPS17,0.4180880387815053
RBM17,0.4179394846836191
EIF4A1,0.41776154869347615
RBM19,0.41727109540915164
CACTIN,0.41723992598252163
POLD3,0.41700997774675796
RAE1,0.41672629570978303
GNL3L,0.41652241239242327
CPSF3,0.4164454733669859
UTP15,0.4158593765693449
TAZ,0.4158158984792967
CDCA5,0.41570070834318956
MED22,0.4155235316407013
TRMT112,0.4152152939077642
CHEK1,0.41418448694962423
PTBP1,0.41359282473039816
ZCCHC9,0.41251062184537135
RELL2,0.41210227330678584
DERL2,0.4120240124598522
POLR3B,0.4113451666649377
PPIH,0.41128149465178065
EXOC7,0.4097583355898008
KRR1,0.40944298549307734
DHX36,0.40884901304613475
NAE1,0.4082401876918761
GFER,0.4081142801579326
MED12,0.4078114938980998
GPKOW,0.4071433516845939
MRPL24,0.4057254093456164
SMG9,0.4056674710002537
MRPS18A,0.4055697855296025
NEPRO,0.40527120478959655
CCNH,0.4036202868083693
C1orf131,0.40361617062618815
AAR2,0.4032885805669136
PLK1,0.4030749128305249
PPRC1,0.40306618736399413
UTP20,0.4029073833447329
YBX1,0.40261055830738557
TPP2,0.40086508905713053
COX5B,0.40022925709150237
CCDC174,0.3994857118326154
TRMT5,0.3988606738372167
THOC7,0.3986612829460582
SMG6,0.3981753191429835
MRPL32,0.39764611076735273
HMGCS1,0.3974115874621106
AATF,0.39700445656514083
CWC22,0.3960884255614526
NDC80,0.3959823556740566
ZNHIT2,0.3951162168501222
RIOK2,0.39496935938389005
CCDC86,0.3941598431948866
ATP6AP2,0.3931564197837183
MAK16,0.3928836723080711
RAB4B,0.392798122062526
SNRNP70,0.3923705531932356
SCFD1,0.3920787387075626
RPL26,0.3918826220972092
POLD1,0.39115904521637945
SLC39A7,0.3910528560023205
MRPL38,0.3909685805603216
RAC3,0.38997126205944566
GSPT1,0.38980301062065426
TYK2,0.38964346628861424
CCT7,0.3894379603535565
TAF13,0.38936728424251477
XPO5,0.38912664275035114
ADAM10,0.38895549625685777
ATP6V0B,0.38883430104904104
ZC3H18,0.3886703355787149
RPL7L1,0.3885595787942573
SRRT,0.3882403658186324
TXN,0.38796011150447096
ANKRD39,0.3877664772200261
MRPL9,0.3874355347018845
IMP4,0.38743322207184366
PAK1IP1,0.3869422985288993
ATP6AP1,0.3864261036599569
MRPL55,0.38621699538117193
TOMM20,0.3861952635673111
PELP1,0.38615164712479544
AHCTF1,0.38586960091366107
RRP1,0.38574729456895906
MED28,0.38469183921043715
TOPBP1,0.3845092144603555
DNM1L,0.3843645845301533
MRPL14,0.38337793102793516
GART,0.38322802187100513
PRPF4B,0.383223666994272
PRKCA,0.38317542270903693
MCM6,0.3826275897797058
BET1,0.3825160196118871
TAMM41,0.382477253133695
TP53I13,0.38199662044400684
SAP30BP,0.38193113436351334
OPA1,0.3818704170430524
ELOF1,0.3813617224351989
SMN2,0.38038611913157727
KANSL1,0.3798429379126695
CYREN,0.3788965548591729
SRSF1,0.3788362768242929
SNRPA1,0.3786739133713141
WDR3,0.37794779408278456
NDUFAF7,0.37716255838247736
HAUS6,0.3771112887195559
COX7B,0.3768985602250951
TXNL4A,0.37682006945143176
TFIP11,0.37535186593153447
BUB3,0.37404930577750695
SSU72,0.37347908623410747
POLE2,0.3733098406300931
HSCB,0.37286103514169194
SIRT7,0.372214331596752
TUFM,0.37220167218688255
NUP107,0.3702428511514898
PIAS4,0.3700567817856679
NOL8,0.369917880917406
CCDC84,0.3686116376322312
POLR1D,0.3680644946548204
THOC1,0.3676976045538282
GTPBP4,0.36683843484291756
MED31,0.36668664523456296
WDR82,0.3664110374422861
MRPL33,0.3646214678715968
NIP7,0.3646211576889832
UQCRB,0.36440938384209787
MRPL4,0.36424795520767617
RBMX,0.3627796947117655
WDR12,0.36202552873940186
AURKA,0.3615710688764421
TOP3A,0.3615264682567013
STAG2,0.3610870025513945
NUP88,0.36072662552306844
RPUSD4,0.36068412017581836
MRPL27,0.36066003760339815
EIF6,0.3604542980446388
WDR36,0.35954800840329865
BNIP1,0.3593197327033224
POLD2,0.35917739438746965
DYNC1H1,0.3584790622972286
TNPO3,0.35819169239765947
NOP58,0.3577731585765116
RRP15,0.35776135281307975
MRPS35,0.3573468795770481
TSEN54,0.3573194176076072
MED16,0.3570140054703307
URI1,0.35660129489287834
NEDD8,0.3559565873473185
UBA3,0.35569840758844784
YBX3,0.3550316850375093
SAP130,0.35409669863250737
ELL,0.3540350464429066
GNL3,0.35389886068930926
CYCS,0.35373358250971415
STX18,0.3535722596418456
WARS,0.3533266078410683
MCM7,0.3530593137385395
POLL,0.3529575104010359
RCCD1,0.3521680626534426
CTR9,0.3521355807527162
MRPL16,0.35170164863453646
UTP11,0.3507586733863985
TPX2,0.35067885496841184
METTL16,0.34981618275394444
ZNF574,0.3494746912708925
VPS18,0.3492387960656984
PSMD11,0.34848991808637625
NUP54,0.34837890957674733
TAF7,0.3478607779359068
AKIRIN2,0.34767160191032426
ATP6V1A,0.3474458378160866
PRMT5,0.34709560847789606
RARS2,0.34700645800101887
PPAN,0.3465254565565077
RTCB,0.3464717133018154
BRIX1,0.346229410442055
MCM3,0.3461217091236322
POLR2C,0.3458820489591739
TFDP1,0.3457488869186842
TBCB,0.34510403500627257
RBM28,0.3449847546275194
MYBBP1A,0.3444712705928178
NDUFB8,0.3444401676979413
OSGEP,0.3436505529249001
SUPT4H1,0.34335710853243406
NVL,0.34325988083461356
SMARCC1,0.34322878340557195
ATP6V1D,0.34301860160516884
FARS2,0.34274551910233336
MRPL3,0.3419023725484332
NDUFA8,0.3415900250126765
RPP30,0.3415326246660729
NUP160,0.34118712485917646
GTF2E1,0.34073760438301437
PEX1,0.34014790989045807
RAD51,0.3400933510664709
MRPS9,0.33942289217956334
EXOC3,0.33898022751543244
CPSF4,0.33860293554537163
FAM50A,0.33852869271825414
ARPC1B,0.33822251046336377
WDTC1,0.33817160584521266
MRPS11,0.33699702680436966
TADA2B,0.3365088707284404
POLR2E,0.33639652606054676
CCT5,0.3361670855805631
TPI1,0.33614341703751505
MRPL28,0.3359455179719167
BORA,0.3357528374677451
PSMC4,0.3346241515560125
RPL34,0.33440467780117566
SNRNP48,0.3343783969570761
UQCRFS1,0.3343273376585372
MRPL43,0.3340146161790969
PABPC1,0.3327999686838436
CARF,0.3319399817611485
MRPS18B,0.3319024462626202
MRPS21,0.33157113155109796
POLR3F,0.33081968597486555
ZWINT,0.33043663651498384
TSR1,0.3298910117730661
MRPL11,0.3297636575663649
RAN,0.32934412888759523
POLR2L,0.32929947007895877
LAMTOR4,0.32884423614754943
RPAIN,0.3288262748479748
MRPL50,0.32801720890420094
BMP2K,0.32735250041675623
MRPL51,0.3272883625370523
MTOR,0.3271719804551078
UBE2I,0.32693719302056573
PDAP1,0.3255035495902975
POLR2K,0.32546160840938787
METTL21A,0.32532581424846996
DAP3,0.32516497222381024
GRSF1,0.32513296370609385
C18orf21,0.32505249321871305
SPCS2,0.32502402780139195
RBBP4,0.3249727593647216
IGBP1,0.324893092406355
WDR7,0.3248010186652647
TMEM242,0.32456455340035106
GTF3C4,0.32424978665449355
ATP5F1A,0.3233095004593336
TRIAP1,0.3232524652695733
WDR46,0.32302513613462985
PPP4R2,0.3224095403782058
ATP6V1E1,0.32159034115985624
IMPA2,0.32154105871382443
TBL3,0.3197750745878867
NDUFA2,0.31952185982597336
RIOK1,0.3192986573923151
PSMB1,0.31926448507888516
ZC3H8,0.3191138446675713
NOL10,0.3183078701162442
SBDS,0.31811120451186337
MCEE,0.31767062987011685
TARDBP,0.317631389623131
HEATR1,0.31751975052630865
RRM1,0.3164305614057128
DYNLL1,0.316343664627725
WDR26,0.31632125438136316
IPO9,0.31590127426246983
MRPL54,0.3155417556517236
MALSU1,0.3152951520667632
HMBOX1,0.31470641169877056
RPL11,0.3146960370634204
ATIC,0.3141207640313066
COX15,0.31409774908831367
DNAJC19,0.3134093180740654
ZNF84,0.3133970713015892
NDUFAB1,0.3133087819144277
SPCS3,0.3109349324662704
NOL6,0.3109076166824834
HINFP,0.3105803655308571
LSM10,0.30990450943913794
SAE1,0.3098322533372444
EIF4A3,0.30963507048279665
EIF4G1,0.30951980180122185
RBM48,0.30948164845896686
HNRNPU,0.3089418332308059
HNRNPL,0.30867450529371676
ZNF787,0.3084133141394542
BTAF1,0.30833021057661186
CEP85,0.30808011619262005
PES1,0.30792809696400164
ROMO1,0.3078408218933596
KIN,0.3075539013005467
MRPL46,0.3074330273610286
UTP23,0.30734861045760853
NDUFB10,0.3063750401856501
MFN2,0.3062741133586601
COX7C,0.30513770516649064
PRORP,0.3049146642857427
RBBP6,0.3045343072818317
KEAP1,0.30397776344376387
COX5A,0.3024672692054618
TMA16,0.3019456130150245
BYSL,0.30181972240634003
COPS6,0.3017696920873243
SHOC2,0.30148813473527725
AAMP,0.30146257278488164
RPTOR,0.30100555364244613
CTU2,0.3008551205525799
KTI12,0.30003702945742045
PRMT1,0.2997588046617523
POLR1B,0.29972301231162013
CCDC59,0.2991046041349139
CDC16,0.2990578801142624
RPS15,0.29870451089117345
PCM1,0.2979247598721527
CEBPZ,0.2977172644668649
RPUSD3,0.2976576989616304
CUL7,0.29666699781602257
PSMD4,0.296650810842479
TRMT10C,0.2955863404575565
ELP4,0.29533117583814394
LSM12,0.29454455800229085
E4F1,0.2945311773274801
MBTPS2,0.294433272387976
TWISTNB,0.29385764059054587
MRPS24,0.2933014779752646
TRNT1,0.2931839424207432
UTP3,0.2931102948918563
RPF2,0.29304180918128536
TCERG1,0.29200572573854167
TBP,0.29181657554020546
COPS3,0.29132247929224164
POGLUT3,0.29089688573993433
RBBP8,0.290886316780387
SPAG7,0.2906486221462821
RNPC3,0.29035953231342826
POLR2F,0.2898771069176491
ATP6V1G1,0.2897342264082624
NOL12,0.2897066147127616
URM1,0.2896102223781456
HAMP,0.2891224578890122
RPN1,0.2883527802066634
DDX52,0.28790633453661263
SMC6,0.2878395402399395
MRPS18C,0.28718690964215315
NUP153,0.2869869352066522
CDC23,0.2860852901260322
CIAPIN1,0.28580583697656403
FXN,0.28537037047095987
STAT5A,0.2852019223885879
SERF2,0.2849105459286612
MRPS33,0.28457221905709035
UBE2N,0.2837879765567991
CCT4,0.28228965368756126
MVK,0.2819053655714299
MRPS7,0.28140030165586744
XRCC3,0.2813125646869685
BUB1B,0.2810945985131081
PEF1,0.28103089868560216
TPRKB,0.2803390106346358
NAA50,0.28027834913264676
NDUFA6,0.27994847434412373
ATP5MF,0.2794456524253963
ATP5PD,0.2787678380059302
NELFA,0.2787504932303281
KRI1,0.27870948935958817
YARS2,0.27869013216012173
USP37,0.27858414701307765
RBM4,0.27716677581992466
RPS19BP1,0.27691995480725795
LIN52,0.27652045844083906
TARS2,0.27648815845705604
RPS28,0.2764255659987545
DHDDS,0.2762472342167104
HYOU1,0.2760706570638165
LAMB1,0.2756775696550083
MRPL37,0.275327680102699
ELP2,0.27516216690117307
SLC16A5,0.27513468941641916
ZBTB14,0.2750839496926549
MRPL34,0.2750548226955312
RABGGTA,0.27489664018040233
ARL2,0.27471731026904755
ZFR,0.2745651717296419
MRPL49,0.2742344541480144
GEMIN4,0.27386603733717874
RPL39,0.27372945873188215
ZNF143,0.272908691912026
DESI1,0.272627965001978
SNAPC3,0.27226381189767485
TCP1,0.2721439230606823
CTCF,0.27195339593635287
RNGTT,0.27187345666354124
ANAPC1,0.27177538220557307
MED24,0.2717380404431834
DUT,0.27095316844758843
INTS6,0.2701732402033763
HSPA8,0.2690655180423116
MRPS22,0.2674317288567058
PPP1R12A,0.26623365083341916
DDX27,0.2655387677042822
VPS13D,0.2654826062495806
NSA2,0.2654656874336806
CNOT9,0.2654355036712127
PTCD3,0.2654047659172279
USP9X,0.265376513290016
MRPS16,0.2641093718993669
WDR77,0.26331092691919833
LUC7L3,0.2632566729007434
HMGCR,0.26315279134045133
NOP14,0.2625913812776766
FGFR1OP,0.2624920984901967
YPEL5,0.262156484829447
NSMCE1,0.2619762404853033
HUWE1,0.2618837623761654
EARS2,0.26174097415788866
SET,0.2612848242462824
CALR,0.26101242863207785
STARD7,0.260427422739549
DDX59,0.25992040167342395
NUBP2,0.2599150178675666
COQ2,0.25961287579726244
COX10,0.25942681260255696
MRPS6,0.2593800182137362
MVD,0.2593722662655043
RPF1,0.2586009588866778
KDM1A,0.2582900248066422
WBP1L,0.2576459137900279
TINF2,0.2574200480566495
EXOC4,0.25694509488546513
TWSG1,0.25691509464423334
ILF3,0.25684919002279377
POP4,0.2564595730048411
OGT,0.2564334833836013
MSL1,0.2561312590771265
UXT,0.2557710267430572
ACTR5,0.2552288455567554
TTI1,0.2548675233213963
NFS1,0.25414314773368596
MRM1,0.2535154618594915
PPIL2,0.2529877255637778
NOC3L,0.2526409143875372
USP5,0.2518363856183582
ISCA2,0.25164664916662033
RNF103,0.25154024730346897
MRPL20,0.25085392641634763
ZNF236,0.25067072197649465
PSMG3,0.25058467571946386
SRP68,0.2505126338393222
ITGB1BP1,0.25007552905361274
TRAPPC8,0.24993993923779
MRPS31,0.24983357942133605
NOM1,0.24970255041818787
MTHFD1,0.24956393998666745
CLNS1A,0.24939358413156926
TRPM7,0.24935940398258327
HSPA14,0.2492193895237248
NAA20,0.2487559100645832
ATXN10,0.24830702759461346
FYN,0.24828190918396353
BAP1,0.2479287552284986
NOP9,0.24777758172817493
SURF6,0.2477472757612908
METAP2,0.2477000565988371
ALG11,0.24701471903280467
DHX33,0.24675754216448154
DDX49,0.24655449506909766
RSL24D1,0.24639260104689745
LZTR1,0.2455763534120009
CDC26,0.2454658646167704
MRPL13,0.24421327105775095
PGAM1,0.24393717961184724
ATP5F1B,0.2439120457240459
MCMBP,0.24378405214766302
RPS21,0.24299992021642786
DDOST,0.242833937638451
CCDC137,0.24245962999156948
NOMO1,0.24229698963232535
TVP23C,0.2418892274052517
RAB4A,0.2409307058654586
GYG1,0.2407246277710622
DNM2,0.24062760504175604
GEMIN7,0.24052180935911296
DHX29,0.24027404923171816
MYBL2,0.24023710846738927
ZDHHC7,0.23990916804609946
CCT3,0.2392479832311589
PRC1,0.2388705796253074
CLTC,0.23860627436548038
UBE3C,0.2379798728920875
FBXO42,0.23772238233057563
SMC5,0.2374358173285367
MCM5,0.2372039741830932
ATP5PO,0.23638885454152553
DTL,0.23624843252017225
NOB1,0.23615484497937822
RNF31,0.23606153356036214
DDX1,0.23508418404123094
MIS12,0.23499586676781886
RPL26L1,0.23479951851646502
VPS37C,0.23473272647360355
CADM4,0.23437603616963942
NOL11,0.23420955020160183
DDX10,0.23416053642677093
NACA,0.23414774509447278
RBM10,0.23389390688875378
RRP9,0.23330890474219923
NUP85,0.23330636461419202
ATP6V1H,0.23300303636557435
GTF2H4,0.2329787818412688
SLC25A42,0.23242341840326872
ILF2,0.23237327037008265
ELP5,0.2323668171458394
SMUG1,0.23236080364012865
MRPS2,0.23228580081602904
CMPK1,0.23206545266648385
TUBA1B,0.231962443351878
TADA2A,0.23166136142164492
WDR1,0.23121710927927291
ABT1,0.23107626277091375
MRPL42,0.23054903395155055
DNAJC11,0.23029527345443743
HNRNPDL,0.22950960737844414
UBQLN4,0.22853685081247582
PYROXD1,0.2280336811161137
UTP18,0.22760063534502167
POP1,0.22722484909238935
PPP1R8,0.22714492729966876
ARMC7,0.22683996162195658
CWC25,0.2267603911736928
ATP6V0D1,0.22651478158195265
HAUS1,0.22635523168639224
ADAT2,0.22631713363971054
CCDC6,0.2262777090292658
TEX10,0.22615129244827617
BRD2,0.2243991574366464
GPS1,0.22382311429586904
PRDM4,0.22303466357840884
GLRX5,0.222929305981663
ATRIP,0.2223830020715449
NCAPH2,0.22210334077912647
NAA15,0.22207054900187348
COA5,0.2219500542752713
ZNF207,0.22153102533007077
TAF6,0.22112924447098942
MMS19,0.22100065813265807
WDHD1,0.2206669885149152
SDE2,0.22038904162777703
MZT1,0.22036896834113023
ZBTB44,0.2187722667996978
PSMC3,0.2187022043059664
NDUFB4,0.21847802484372597
PSMG4,0.21790238521925878
DHX37,0.2177164900864036
ARID5B,0.21639695953013108
DBF4,0.21634758029515397
KDM5C,0.21599575184447564
KIF18B,0.21594722300742725
HSPH1,0.2158526183824207
UQCC2,0.2155013212533583
DTYMK,0.21535583350230064
DNAJC9,0.21440616692893005
HSD17B10,0.21431699727603265
CDK12,0.21406874006643473
UQCRQ,0.21381764391164487
RPL36A,0.21339930865092122
ATP6V1C1,0.21282740437470138
RINT1,0.21264145621005193
RPP40,0.21218474973390633
THAP11,0.21198280262807911
PGS1,0.21171516792482536
UBA2,0.2116777625046528
KCTD10,0.21125825519741634
NOLC1,0.211251563993311
NRBP1,0.21123870433983777
RCC1,0.21051756899194188
ATP1A1,0.21008525283428553
PIK3C3,0.20998373682533586
SPEN,0.20962521399372422
RAB18,0.20951009417201083
NDC1,0.2093309551290129
WDR75,0.20883477554139815
MEX3A,0.20866145235344663
TUBGCP2,0.20857248462648312
SEC61B,0.20808444654790234
PET117,0.2079553181852328
REXO2,0.20756131278386541
SDHA,0.207221560458378
ANKLE2,0.20711662312823476
COMTD1,0.2067146249833089
THOC6,0.2065708806528228
MCM3AP,0.2065400451408017
NELFB,0.2060769758135575
DCAF6,0.20584708861901552
HMX3,0.2054842078982249
NDUFAF5,0.20496368242175914
GMIP,0.20435804704911675
MRPS25,0.20434012172763683
PIAS1,0.20401757265810044
PRRC2A,0.20374914801783894
VARS2,0.20343534330338367
CENPJ,0.20335551553875408
C19orf25,0.20315881029569682
NHP2,0.2029587055416307
MRPS17,0.20292816120866106
UNC50,0.20240244989502612
RRN3,0.20239205793822376
MRPS23,0.20220427610489888
ATP6V1F,0.20203802908323004
RPP14,0.2014307845537069
C5orf30,0.20130882103543188
NSF,0.20060103297920992
NDUFA4,0.20036845536801778
BRIP1,0.20036096480946575
UTP25,0.20030521074815422
NDUFS5,0.20026797383214978
UBE2M,0.20011229254812796
CRLS1,0.19992158278094907
UFL1,0.19959121984402267
LENG8,0.1990329807655981
HDAC3,0.19866585810278503
CTNNBL1,0.19863608761816776
DRG1,0.198030155538608
SRFBP1,0.19792305862056542
UFM1,0.19771467027350403
NFKBIE,0.19709243417269284
DHX9,0.19701306528391446
CD3EAP,0.1964307438245474
SLC7A6OS,0.1963016884765293
C12orf45,0.19589802078391738
USF2,0.19575526015162284
TXNL4B,0.195328722678967
POGZ,0.19517066294336538
MRPL41,0.1951628987254275
TCOF1,0.19492625890874332
GLE1,0.1945923380879517
METAP1,0.19444937490181224
HTATSF1,0.1944358631943477
HERC1,0.19420197303168218
NBAS,0.19395185585599625
TOP1,0.19368495202828181
GAK,0.19368276763983916
ENO1,0.19365033183050118
ADRM1,0.19348541177486783
ANAPC4,0.1934187411794528
FASTKD5,0.19320250944350892
CHMP1A,0.19319708221057708
PRKRA,0.19285574352111537
CEP192,0.19247572201752064
COQ4,0.19222086852308085
TADA1,0.1917670545706414
KANSL3,0.191586366366029
CAPZB,0.19154185057648193
PGK1,0.191016782097426
COPS5,0.19078494840532945
SLC35A4,0.19057432037720295
MYCBP,0.1902376854920563
COPS4,0.19010766493516967
MRPS26,0.18970341845000743
POLR3C,0.18962491722579358
RBBP5,0.18932000852933448
ESYT2,0.1892706335695461
NSUN4,0.18899891633935068
DNAJA1,0.18889575660091928
SLC39A9,0.18862506319348885
TIMELESS,0.18843309661637997
NUBP1,0.18836733686391505
PSTK,0.18794657217911828
POP5,0.18765116649278918
STIL,0.1873216973901166
MRPS34,0.18693417004081814
AP2S1,0.1866738432990077
SRSF7,0.186392694421623
TMEM258,0.18637707228033223
HLA-C,0.18615902293745948
TOX4,0.18612341592734144
STX5,0.1859077454006148
AIFM1,0.18562487222122645
ERCC2,0.18534218860149382
CRCP,0.18495229874964245
NARS2,0.18477308653759392
BCLAF1,0.184560364436547
TTI2,0.18429260714478896
SRP9,0.1835949546916704
EEFSEC,0.18356337067352496
ISG20L2,0.18354547482564748
MAP2K7,0.18340693807673508
NDUFB6,0.18293352604969343
CSTF3,0.18251931368828034
GGPS1,0.18235831805124744
GPS2,0.18229497713033382
GEMIN8,0.18225552666621714
SNRPA,0.1822458838509902
ACTR1B,0.18215908357890426
MRPS10,0.18182994239741515
SUGP1,0.1814293512008367
NELFCD,0.1813548888807783
PPP1R11,0.18135324696299615
UHRF1,0.181337759456321
CDC7,0.1811270465053481
BRF2,0.18081781260542018
RTRAF,0.18072438148616166
TUBGCP3,0.17994281224926578
DKC1,0.17902134270883996
MON1A,0.17897463232036503
DDX17,0.1786100539178794
CLP1,0.17819316075684583
SRP14,0.1779270442268673
PDCD7,0.17786336615154394
RNF40,0.17729663641559976
SNRNP40,0.1772050988803308
AGBL5,0.17634521936710235
UBA5,0.17609183077081708
AURKAIP1,0.1753500807997736
MBD3,0.17462994717738892
LAMTOR1,0.17462883141168678
ACTL6A,0.17455070642106607
TPR,0.17436357363557697
PDRG1,0.17433460152791921
ATF4,0.17419435436640895
PREB,0.17379633496259853
SAMD4B,0.1737357072695786
ZMYM4,0.17303948083471424
SMARCE1,0.1730036635798819
WTAP,0.17266643575362745
MPG,0.17256920236035286
STT3B,0.1719025817837761
POLG2,0.17182861445092362
RABGGTB,0.1713772338539119
ANAPC13,0.1713502904078263
RAD51C,0.1710247276447585
ATP11B,0.170740220154054
PHF10,0.17064634799588754
MCL1,0.17036548036944357
DCLRE1B,0.17033323521076027
NEDD1,0.17028137906862334
TACC3,0.16962738771533348
ARFRP1,0.1695238854708271
KIF18A,0.16921817395662864
RAD21,0.1684984955649791
CMC4,0.16829272098476597
MRPS5,0.16817968511439127
ORC6,0.16806053652082287
WBP1,0.1680551346563181
SUPT20H,0.1675931981511511
SKP1,0.16728095700260498
NPM1,0.16702187908395202
ARL4D,0.16650088575827915
ACTR8,0.166314028299788
WDR54,0.16612430397308625
ARIH1,0.16595186046798557
C1QBP,0.1656270021698293
NOL9,0.16561807249699295
SDC1,0.1655350459274701
COG1,0.16524668843402496
INPPL1,0.16436610947221802
SLC35B1,0.16435962739836285
TADA3,0.16421049868224144
NDUFS3,0.1637582944958697
MICOS10,0.16360444172764219
PTPN23,0.1635483704169101
RPRD1B,0.16349985906136677
SPOUT1,0.16342016737782245
ZRSR2,0.16333504176742053
ACTR6,0.16308618249025017
EMC4,0.16249853566472167
EEF1B2,0.16236165574745004
YEATS4,0.16192682604385927
HIST1H2AE,0.16191769548884088
HAUS4,0.16138270371686242
PPP2CB,0.16131689708949742
HAUS5,0.16114432551788832
METTL17,0.16110353670703606
TSPYL5,0.16077293869615394
THRAP3,0.16067142352937347
PLK4,0.1598584711615342
NPM3,0.15957915485477758
SARNP,0.15955817857481389
UBE2L3,0.15907396238847304
SNRNP35,0.15880447133310885
PTEN,0.15878520665113424
CINP,0.15875942621833916
TAF1D,0.15874208003546578
BANF1,0.1584632372395015
VPS33A,0.15826329716980714
POLR3D,0.1581611857586754
GTF2H3,0.15815124987081008
VPS54,0.1580767651932818
COPS2,0.15788524916243674
CAMLG,0.15776376842521433
ARGLU1,0.15723335458768173
PSME1,0.15660300974237978
COG2,0.15640267656257772
DCTN1,0.15624393493359584
ARL6IP6,0.15575852024345851
KDM6A,0.1556029084933595
DPY19L4,0.15542538290365132
SPATA5,0.15506988680834227
SARS2,0.15457225470969643
FKBP9,0.15423670967408304
PTMA,0.15419568588901333
TRAPPC4,0.15409249464773728
NSMCE2,0.15397401921582493
BCS1L,0.15329121993434922
SUGT1,0.15308547684513318
VPS29,0.15277112870810772
CDC45,0.1527490077488935
BRF1,0.15210321829763251
C7orf26,0.1514946147708119
NDUFAF3,0.15145130450193428
COG4,0.15138170788943253
SETD2,0.15131124651958472
LARS2,0.15129448051437522
USP8,0.15105877407074594
CBLL1,0.1509714435135274
RTEL1,0.15079783136325153
LAMTOR3,0.15074634886170282
CAD,0.15065534653677382
MRPL23,0.1505860454455335
CENPN,0.15055339785979033
SRSF6,0.15052018777326076
PTGR2,0.1503198332435356
CSTF1,0.15026113038748823
PFDN5,0.15025509697350323
PIK3R4,0.15023888567525315
EIF1AD,0.14967395970268024
PDCD2,0.14923952177427743
VPS25,0.1487253308305454
KCMF1,0.148650711752849
SKA1,0.14845314835207282
SRP19,0.1483604228961127
INTS1,0.14827232540149432
NCAPD2,0.14816275294016223
PSMG2,0.1478704826845984
PGD,0.14735335901087454
SLC35G2,0.14706798737530274
GMPS,0.14643953816577002
HAUS8,0.14633143139050936
VPS35,0.14537825123200102
USP14,0.14523301744745654
MED26,0.14501496782967702
ADSL,0.14490077660882766
H2AFZ,0.14479373466267056
ZNHIT6,0.1446907182184064
ATL2,0.14459004661598532
SKA3,0.14443254566262437
GLB1,0.14423909524555592
ZW10,0.14420880514984707
GSK3B,0.1440510560151203
ACTB,0.14400532633428179
ABHD11,0.14359432103456304
IFITM3,0.14331280215704711
SUMO2,0.14302073532683993
WDR92,0.1428569494627513
UPF3A,0.1426992864525568
BANP,0.14245456074027757
CSNK2B,0.14203742043357506
CEP97,0.1417825082493172
PTPN11,0.14129405565186895
COPS8,0.14106805311335158
MRPL1,0.14084881720397052
NFATC2IP,0.14072661477357912
SKP2,0.1402325200276715
LST1,0.1401518519443867
WDR61,0.1395249774262472
URB2,0.13951257235364925
CENPE,0.13819277664842625
PEX19,0.13767592436618187
MIS18BP1,0.13756335590134233
PPP2R1A,0.13754112196080667
GTF3C6,0.13734428193380582
VPS51,0.1372134532006975
PDCD5,0.13715481433986715
GFOD2,0.1370475098521526
JMJD6,0.1368084532610585
NELFE,0.13551503927376934
OLFML3,0.1354570806224023
FNBP4,0.13545282755922303
TKT,0.13536910910637745
NASP,0.13520726118452164
POLR1A,0.1351908249674993
SETDB1,0.13475505534410712
WDFY3,0.13466604987366193
SERPINB1,0.13459813972748932
PPP4C,0.13431834538321097
PNKP,0.13345422339953078
CFL1,0.13334564830525752
SOD2,0.13283284734641845
C19orf53,0.13232118956485406
TBPL1,0.13210306120236076
TUBA1C,0.1320010057014659
SNUPN,0.13196446834978168
VPS72,0.13167406787210043
GABPB1,0.13160752316004592
MRPL45,0.1309952230155671
TWNK,0.13041695646404472
RPP21,0.13010485321802723
PSME2,0.13010144421480788
MIOS,0.13002369158122906
SNRNP25,0.12971402142170135
SENP6,0.12937256544569273
COX17,0.12888084193735824
PCNX3,0.1288188424100224
INTS12,0.1281334358486076
TIPIN,0.1275191857830257
ZNF100,0.1264860284622753
MMGT1,0.12635413822385716
E2F6,0.12619268375218784
INTS10,0.12603902024288605
HNRNPR,0.12600465369298947
DDX42,0.12580386870104657
FAM133B,0.1255331608865957
CPNE7,0.12543823293204148
NMT1,0.12487818347587074
XRN2,0.12474626029591696
EDC4,0.12410857818010722
CA5A,0.12389664632432679
RPL28,0.12348810222110299
TUBG1,0.12294728553107002
FDXR,0.12233660448270128
HEXIM1,0.12229660821534821
SACM1L,0.12199882460237134
PPP6C,0.12158891588620421
WDR55,0.12146275505131193
ACD,0.12143321423183404
NOL7,0.12143198554298078
CBX1,0.12142418045225035
TAF11,0.12142121859326613
RANBP2,0.12131462143062255
SRRM2,0.12115960502025955
CLPB,0.12070608051732074
IPO11,0.1204911732577959
LRP5,0.12043167946134554
DCTN3,0.12025220167639532
MASTL,0.12010992396368983
FASN,0.11955588212645575
VBP1,0.11942656642812155
ASCC3,0.11934005890887119
TMEM214,0.1193295893294174
MED18,0.11924220183505557
PPP1R37,0.11911221152030996
HSD17B12,0.11870295624634178
CD2BP2,0.11834680730928293
ORC5,0.11774294915675021
PHF12,0.11743426834070483
HJURP,0.11689783679214742
GTF3C1,0.11679646489006915
NCOA4,0.11677359863424677
HAUS3,0.11668781247813939
CHCHD1,0.1162731207341384
KIF20A,0.11601408863393754
EMC7,0.11579031892996525
AARS2,0.11559041433239273
KIF14,0.11556953495810596
NOC2L,0.11525918194919903
EIF4B,0.11514208919873148
FBXW7,0.11474613043274595
EXOSC10,0.11423931267511238
CUL1,0.11350580916523142
GTF2H2C,0.11306699725058433
ZC3H13,0.11262223424405163
LTBP4,0.11259166987156566
GLMN,0.11226627016134572
IMPDH2,0.11222901173078435
BOD1L1,0.11217952360876216
CHMP4B,0.11212637197475518
POP7,0.11190588816151906
DHODH,0.11177498014048798
SCD,0.11170246230963998
SDHAF2,0.1114298296476415
RSRC2,0.11133614073160683
CPSF1,0.11119686743582986
CENPP,0.11100726892504909
TSFM,0.1109440965843086
SETX,0.11088287178701393
MEN1,0.11080587325066299
RNF8,0.11050643977971314
MYSM1,0.11028861879377805
DAXX,0.11012246138223412
SPATA5L1,0.10996924182072527
DNMT1,0.10912422196661709
SEC62,0.10886654895943526
PSMD9,0.10882434477758174
DCTN2,0.10858019673239033
LRR1,0.10852048765837785
VEZT,0.10834743700269314
TAF1C,0.10833097090655308
PTPMT1,0.10813733902715972
ARPC4,0.1075263780373884
ANAPC5,0.10742183052497084
USP36,0.10723965028250218
ISCU,0.10614912997502013
CCNB1,0.10574132207975818
NUFIP1,0.10558859462196252
ZCRB1,0.10556995301215061
AP2M1,0.10546828984311377
KPNA6,0.10546393817352243
ESF1,0.10496334708777832
RPLP2,0.10427903538945596
PDCD6,0.10407634617865515
NSL1,0.10407322505935573
SP2,0.10298752954296694
COASY,0.10239378794306911
FEN1,0.10218896331111937
PCID2,0.1020923353042109
CS,0.10203458127180191
RBM14,0.1013078158018038
CDC20,0.10129529338335222
QRSL1,0.10118817645138439
PFDN4,0.10105503764347584
TERF1,0.10084191068538279
METTL1,0.10065588906184748
ATR,0.10059362149658135
INTS14,0.1003164294433189
MST1,0.10028573693403167
PFN1,0.0997719161428437
SASS6,0.09848503683015991
METTL14,0.09826347793017749
IPO7,0.09820901432077035
CUL3,0.0978783209139106
COPE,0.09712465909280055
BRD8,0.0970418238519232
EXOC1,0.09694682880283337
RNF168,0.09680165119359257
ZNF24,0.09656846364436905
ERCC3,0.09640322578417657
SLC7A5,0.09619298168778694
TMSB10,0.09586165338785146
ANAPC11,0.09557406623880317
CCND3,0.09523407053413185
POLR1C,0.09503231526761124
KIF4A,0.09482049749689886
MIS18A,0.0947348252546898
HSP90B1,0.0946085448092174
POLR1E,0.09434418366900837
BPTF,0.0941334360152108
CHMP7,0.0940916034280218
ALDOA,0.09407019973976002
DDX5,0.09407007680765356
URB1,0.09386866035087053
GOLT1B,0.09351558370068055
FBLIM1,0.09327528372075228
NUDC,0.092570922781333
MRTO4,0.09253811466423367
SETD5,0.09247859982967505
ADNP2,0.09243207738471146
ZNF706,0.09235549512084111
TMEM199,0.09221988984019741
FOXL2,0.09197237280939285
CHTOP,0.09159498447119566
ARID3A,0.09154874203191293
NDUFA11,0.09146890337815117
SEPHS2,0.0914049365586252
GMPPB,0.09134257930815995
C17orf58,0.09126589641097611
MTG2,0.09110394307013832
ZBTB17,0.09099595759106514
LPIN1,0.0909358460979369
UBE2D3,0.09074536702659695
ING3,0.090563319281393
YKT6,0.08962314751565706
SMAGP,0.08960554221942518
PARN,0.08953768645831353
DDX51,0.08945217621940063
CCT8,0.0893849511174759
UQCRH,0.08927515612338788
NUDCD3,0.08900170889847721
ALG13,0.08882661659155916
NAA10,0.08824405917937365
CENPH,0.08817082689852507
ABCB10,0.0877874963405886
NUP133,0.08778309068685862
BRCA2,0.08736795585629184
COTL1,0.08724884371186821
ANKRD11,0.08713239878844875
EXOC2,0.08700560707965854
CAP1,0.08679663824004204
CNIH4,0.08670767473594326
ACTR10,0.086398777378633
MZF1,0.08617123186564665
PPP2CA,0.0861309228237229
SOD1,0.08502608463274137
CHTF18,0.08494320587952787
SNAPC5,0.08487124049548628
MAD2L1,0.08469429753037196
NCAPG,0.084183373660285
ORC3,0.08410586033827745
SYS1,0.08391422380614534
TFB1M,0.08377898128193473
NUB1,0.08376159866995736
SUDS3,0.08229494230812742
RPL29,0.08203391821079092
TFRC,0.08180794286101478
NCKAP1,0.08134438189551643
SHQ1,0.08066255376179877
TUBGCP4,0.08047491373820687
CSNK1A1,0.08034156914550078
METTL3,0.08028991398219307
USPL1,0.08024213003287418
COQ5,0.08001719157535833
INO80B,0.07957823373490813
CHCHD2,0.07943267329237813
INTS13,0.07898445514542354
TTF2,0.07888559620299651
CUL2,0.07881620866174799
BAG6,0.07880095111338559
ZMAT5,0.07844891156575567
INO80,0.07842469162209795
LTBP3,0.0782638769587797
UMPS,0.07809011453058
POLR3H,0.07773959740402427
ATP5ME,0.07737804307321851
CMTR2,0.07730495443568255
LEO1,0.0772608087101381
UBE2H,0.0771939534877692
INO80C,0.07697078454061031
NDUFB7,0.07688180540504118
NEMF,0.07643210743373573
ANLN,0.07623567535183406
CCDC115,0.0756653831059132
CABIN1,0.0747148560330655
PPP2R3C,0.07443609848180226
TLN1,0.07432153907616432
STRIP1,0.07343099954635707
CRKL,0.07336841643944574
PSAT1,0.07293157820307834
PWP1,0.07286753198838519
SPG7,0.07279961610047729
RBM33,0.07265860799620005
STXBP4,0.07221709531730225
LAS1L,0.07139593547096915
GET3,0.07080452112033143
AASDHPPT,0.07042735530568227
SHC1,0.07040005348655559
CDK2,0.0700836960187379
HOXC10,0.07006959296059832
GNPNAT1,0.07002593756403723
RFT1,0.0699914539620157
ALG2,0.06989400218243172
DOLK,0.06965155534276417
MAGOH,0.06913422455461177
TIMM8A,0.06880684503790238
MOCS3,0.0684432442222526
BRK1,0.06823829893284758
NCAPD3,0.06803849552046207
COX11,0.06801042320509215
ACTR2,0.0678872318715702
DDX21,0.06767767664664417
NDUFB3,0.0676531705902975
HNRNPH1,0.06761423658807311
FAM207A,0.06746102659966755
ZRANB2,0.06723393422280118
INO80D,0.06697960984900633
TGS1,0.06652651220852757
STAT5B,0.06632909822438539
OSTC,0.06594241876977613
ELP6,0.06587245613626655
SNX15,0.06524888971712972
HECTD1,0.06457364045095679
BARD1,0.06299591904501597
SP1,0.06288318319305879
TMEM127,0.06257408791174096
NOS1AP,0.06253211074084408
RPN2,0.06248741375466646
HNRNPA1,0.062392132899608224
CHCHD3,0.06231317865586587
TMED2,0.0616111341766629
KAT7,0.06150164442966087
ZNRD1,0.06147908331594626
BUB1,0.06107726684985801
C9orf78,0.060832097054299344
MRGBP,0.060342129043605156
ENY2,0.05989894886222105
GCLC,0.059856643899243285
TAF6L,0.059017096761851136
CIAO1,0.05868712794118299
COG6,0.05805482695249109
TAF1B,0.05781003407345926
PUF60,0.05669561792669413
GTF3C5,0.05639226626662841
EFR3A,0.05634988304321884
SS18L2,0.05628154607540721
MT2A,0.05607166161440117
GABPA,0.05570833332169342
GNB1L,0.05567831140850695
PALB2,0.05566815301914371
ORC4,0.05514272258384991
RHOQ,0.05455887677079171
NFRKB,0.054350545800434316
KLC2,0.053648358956505215
GNPAT,0.053338135756516775
AAAS,0.052997060644167246
ERAL1,0.0529038057300637
CLASRP,0.05271550333357692
CENPT,0.05234732379132589
PPP1R2,0.05212783410521399
COX6C,0.05208435519489196
BTF3,0.05144842238595078
PDPK1,0.05128699470383574
PTPN1,0.05090587165579434
TUBGCP5,0.05034131120937927
PAFAH1B1,0.04907021250814977
TFB2M,0.04896859703445146
PFDN6,0.048506377850200004
ABHD17A,0.048501908589056855
SNTB2,0.048398331556716176
HPS5,0.04820784814306272
DDX55,0.04797348695541645
TPT1,0.047908758731696574
METTL23,0.047519185489446863
NUP43,0.04735211251604865
ZNHIT3,0.04644089954540159
POLR3E,0.046433417480867725
EXOC8,0.04637390671469151
IWS1,0.046351563455086356
C1D,0.046326617857854135
EXOC5,0.04586593373132147
GTF3A,0.04586137463812377
DRAP1,0.04556191456018893
RCOR1,0.04531207461292358
ZNF720,0.04527459415928943
RAB6A,0.04475217654960632
SEC63,0.044521732750514145
SDHC,0.04378506500362442
SCNM1,0.04328123446361318
MSRB1,0.04317433507964869
NAGLU,0.04247858573644309
FAF2,0.04202819304083177
TRNP1,0.04184164323130343
WDR4,0.04140585887457883
DPH3,0.04125443427840334
TBCA,0.04085594157277443
CEP152,0.04063703825966412
DCTN6,0.040333583595494146
SPRTN,0.04030907025860109
IST1,0.04019766897820024
XRCC2,0.04006447169736273
RAD9A,0.03995355434195373
PPME1,0.039858305286278914
DCTN4,0.03913499037266882
NOP10,0.03899333018211522
IFITM2,0.03893332492137537
PXN,0.038267631574403466
MIPEP,0.038051574761701866
SRPRB,0.03789923541175089
MAD2L2,0.037301905923112694
PFDN1,0.036911541746347046
DPH2,0.03683628913443189
PPIL1,0.03560035557926641
KIAA1143,0.03519695906083118
ANKS6,0.03466068606020278
SNF8,0.03440451147705501
PKMYT1,0.034255126303508104
MLST8,0.033500614238036436
DDX19B,0.03300936345427907
EXOSC1,0.03281963967384371
DNM1,0.03249592418447131
DPH6,0.03219792449098226
MANF,0.03205218829955607
ASF1B,0.030265818741046877
BCL2L1,0.02968685448426808
PSMG1,0.029381514366686935
NUP214,0.029207272643076446
CLCC1,0.028792915807126326
SLC25A3,0.028680900073200545
TBCC,0.02849555522416838
LIMS1,0.028427407342725516
PIGH,0.027937950152213786
UCHL5,0.027507967560477666
SERBP1,0.02743919011313788
SGPP1,0.02685097649005973
KLF7,0.02684012667201654
NAF1,0.026768280366048808
SPTLC1,0.026256290385698246
YPEL1,0.025713060970934835
SRP72,0.02543895008419649
TEN1,0.024830630419052847
TOR2A,0.024618124087881693
POLR3K,0.024273689933919096
YRDC,0.023560846985745884
RAD51D,0.023427817859689552
TEAD3,0.023239118690973167
ANAPC10,0.02315335379315386
GTF3C2,0.023130961122737454
RNF14,0.022638152616197043
CCAR1,0.02239552376492437
WDR83OS,0.021972027986027477
PLEKHN1,0.021773311367655805
GLRX3,0.02161946705601192
TRAPPC11,0.02111323941222517
MKRN1,0.020442871794059528
C9orf16,0.019209884236016304
TRMT6,0.01891299106643282
H3F3A,0.018896428619262107
RPE,0.018762689182935343
DDX19A,0.018574873075896565
POLG,0.01750872745765927
ZNF468,0.01716451102718146
RPIA,0.01643950014456522
KDM2A,0.016182080634836664
GRWD1,0.016109078384354186
SRF,0.015572327673809963
HMGA1,0.014896592712072033
RAC1,0.014580533289269504
KAT5,0.014136292906081215
SRA1,0.013864883395460421
ANKRD49,0.013184175399357383
SBNO1,0.012707783671497292
RPP38,0.012442773263378192
WDR18,0.011725589773009838
TBCD,0.011700878772379138
N6AMT1,0.011331107825046458
CNOT10,0.011080609596783603
MPHOSPH6,0.010806855671496066
TLCD1,0.010799182943072505
MBTPS1,0.0105752068556163
REV3L,0.010333590111070705
VHL,0.00999548666728701
KXD1,0.009914374957561652
GUK1,0.00968041772461213
TRAIP,0.009483551098780497
SPTSSA,0.008922296651104495
USP10,0.008201072920982226
NHLRC2,0.00810406989644432
RAD17,0.007974554205739937
ZC3H4,0.007918112057419035
TUBB2A,0.007712436833915454
UQCRC2,0.007305996881211821
POLR2M,0.007045691645633043
EWSR1,0.006791431727154306
PTK2,0.006598995660693281
TM7SF2,0.005826894304327397
DPM2,0.0046526879892015705
NISCH,0.004114148269919279
NKAPD1,0.003966814077470401
LAMTOR2,0.0038930136945476493
BRCA1,0.0018503674127158835
SPDL1,0.001791898470688974
UROD,0.0017698704748539684
GLI4,0.0013926423165775206
GTF2H2,0.0007467391088998923
HIPK1,0.000569562115116838
CHORDC1,0.00044513276773938074
CLK2,0.0002809325400323394
CCNC,0.0001778227207401093
RNF123,-3.332197071479262e-05
NUDT15,-0.00033149532214783034
EMC1,-0.0005703586698390661
PPA1,-0.0019955809544030725
SEC16A,-0.002797815923990001
PRPF39,-0.0036105837647788233
EGLN2,-0.003618272602335118
HUS1,-0.003797183405760558
TUBB,-0.004037468681816906
PARS2,-0.004045112677779425
NUP35,-0.004766864505655444
TUBGCP6,-0.005686812875226112
ZNHIT1,-0.005787285723783131
CENPW,-0.006068324339428636
UXS1,-0.00718727045495971
WNK1,-0.00793077202287203
INF2,-0.009132946548011967
HS6ST1,-0.009534158051967754
PDCD6IP,-0.009670629506395892
TAF1A,-0.01002044525369365
XRCC1,-0.010528456008081622
AHCY,-0.010905397281226574
ZNF292,-0.010999830046475118
DOHH,-0.011357310671309948
DPAGT1,-0.011366171643397961
GAR1,-0.011436669915182102
NBEAL1,-0.012661523116446024
TWF1,-0.01291852228876343
TRA2B,-0.013016560328796452
OIP5,-0.015125156402369794
HIST1H2BC,-0.015625152503389497
C7orf50,-0.015921691883507977
ZNF317,-0.016419738434046698
GTF2F1,-0.017940204978970677
PUM1,-0.018925098555860574
DNAJC8,-0.01902571217633193
PPA2,-0.019145359352321055
TUBD1,-0.019494227596153702
DYNLL2,-0.019500400603877675
DEPDC5,-0.020078168027166367
DHPS,-0.020103665683445963
MOB4,-0.020204245933225944
HIST1H2BJ,-0.020418143689198982
ACSS2,-0.020879621320830256
RPL41,-0.02182312371135358
EPB41L2,-0.022301986902824925
TUBE1,-0.022668194303993333
HMGN2,-0.02338321426690998
CPOX,-0.023589400941212216
SDR39U1,-0.023821059381417136
TRAPPC5,-0.02602261203962184
INO80E,-0.026550937847572655
PPP1CB,-0.028277090230209065
RTTN,-0.028368550853218724
SLC39A10,-0.028899064689494807
ELOVL1,-0.029541257536255656
THUMPD1,-0.029932427678767137
TOE1,-0.02994309286128842
TIGD1,-0.03056819002341274
PPIA,-0.030970605917404595
MARS2,-0.03108876988539725
PTCD1,-0.031914476930064155
SCAP,-0.03261017814471418
PPARGC1B,-0.03265256188375086
RNASEH2C,-0.033026190440000686
CNOT11,-0.033693830241488275
CDC42,-0.033787702689776655
CCP110,-0.03433433256674069
TTC4,-0.03462502780826104
USP19,-0.03520893513175657
ZFP69B,-0.035294185138925474
TSEN34,-0.03556136338281049
NAPG,-0.038991984794719436
DR1,-0.03920023075684129
SEPSECS,-0.040299334140474825
DCTN5,-0.04030909206171549
GTF3C3,-0.04105900980106187
PCBP1,-0.04127109376408199
WDR44,-0.04226269328740013
UBR5,-0.04303843145874012
RPS25,-0.04359174555579231
LDB1,-0.044561351428752546
TMED10,-0.04491162033807332
CDIPT,-0.04549336735277191
DSTYK,-0.04837282295561979
RHPN1,-0.04913135904491086
RBM15,-0.0497071689110584
CDK9,-0.05168883538911448
CCNL1,-0.05255191935364538
ARMC6,-0.054652199391990015
KIF11,-0.057460908984221265
GOSR2,-0.05851079821806741
CYC1,-0.05927240062471659
UBE3D,-0.06224471616902896
ALG1,-0.06433105663394699
PITRM1,-0.0655918233529377
BTF3L4,-0.06636654381250795
WAC,-0.06651076926263984
YY1,-0.06827350978643627
VPS41,-0.07038991869627076
TRAPPC1,-0.07179414196928051
ALG14,-0.07187251827444077
EIF4H,-0.07222779735769
KATNB1,-0.07254585448016487
TRAPPC3,-0.07262087148172071
UBE2Z,-0.07398060056943474
CNN2,-0.07431322371507323
SLC1A5,-0.08048101531980964
PDHA1,-0.08178781922452676
H2AFX,-0.08191111655636263
BCR,-0.08231494877705409
RBMXL1,-0.08289917499244284
VPS37A,-0.08936293765284789
HIST1H2BN,-0.09248378359052885
ARF4,-0.09477197521663577
SSBP3,-0.09852955157217014
RMI1,-0.09976223417550134
TMEM161B,-0.10057540805719273
DDX11,-0.10469980209748676
CHMP5,-0.11055426948366479
PRXL2A,-0.11793043893416726
GEMIN6,-0.12050346362072514
LRRC37B,-0.12058004173452996
F8A1,-0.1208879960108554
NAA35,-0.12407633578635002
S100A1,-0.12747172608082752
RPL36AL,-0.12979204096645294
SRSF10,-0.14882315516669575
FDPS,-0.15647831257983946
HHEX,-0.15770039428662952
CEP68,-0.1636760999660537
CYFIP1,-0.1752683390914379
NAA30,-0.2088217543687869
FOXO1,-0.2172330794068254
DDX3X,-0.24233769403241498
